date,low_tp,high_tp,weather,wind
2016-01-01,3,11,阴/阴,无持续风向≤3级/无持续风向≤3级
2016-01-02,5,14,小雨/小雨,无持续风向≤3级/无持续风向≤3级
2016-01-03,7,16,多云/多云,无持续风向≤3级/无持续风向≤3级
2016-01-04,6,13,小雨/小雨,无持续风向≤3级/无持续风向≤3级
2016-01-05,4,10,阴/多云,无持续风向≤3级/无持续风向≤3级
2016-01-06,3,10,多云/阴,无持续风向≤3级/无持续风向≤3级
2016-01-07,-1,7,小雨/小雨,无持续风向≤3级/无持续风向≤3级
2016-01-08,2,9,多云/阴,无持续风向≤3级/无持续风向≤3级
2016-01-09,3,8,阴/小雨,无持续风向≤3级/无持续风向≤3级
2016-01-10,3,6,小雨/小雨,无持续风向≤3级/北风3-4级
2016-01-11,0,4,小雨/阴,北风3-4级/北风3-4级
2016-01-12,-1,6,阴/阴,无持续风向≤3级/无持续风向≤3级
2016-01-13,-1,7,多云/多云,无持续风向≤3级/无持续风向≤3级
2016-01-14,-2,8,阴/多云,无持续风向≤3级/无持续风向≤3级
2016-01-15,0,10,晴/多云,无持续风向≤3级/无持续风向≤3级
2016-01-16,2,10,小雨/小雨,无持续风向≤3级/无持续风向≤3级
2016-01-17,-1,10,多云/晴,无持续风向≤3级/无持续风向≤3级
2016-01-18,-2,8,晴/多云,无持续风向≤3级/北风3-4级
2016-01-19,0,8,晴/阴,无持续风向≤3级/无持续风向≤3级
2016-01-20,0,5,雨夹雪/中雪,无持续风向≤3级/无持续风向3-4级
2016-01-21,-1,3,小雪/中雪,无持续风向≤3级/无持续风向≤3级
2016-01-22,-4,2,小雪/阴,无持续风向≤3级/无持续风向≤3级
2016-01-23,-8,3,晴/晴,北风3-4级/北风3-4级
2016-01-24,-8,2,晴/晴,无持续风向≤3级/无持续风向≤3级
2016-01-25,-4,3,晴/晴,无持续风向≤3级/无持续风向≤3级
2016-01-26,-1,7,多云/多云,无持续风向≤3级/无持续风向≤3级
2016-01-27,2,8,多云/小雨,无持续风向≤3级/无持续风向≤3级
2016-01-28,3,8,小雨/小雨,无持续风向≤3级/无持续风向≤3级
2016-01-29,2,6,多云/阴,无持续风向≤3级/无持续风向≤3级
2016-01-30,1,6,多云/阴,无持续风向≤3级/北风3-4级
2016-01-31,-2,3,中雪/小雪,无持续风向≤3级/无持续风向≤3级
2016-02-01,-2,4,阴/多云,无持续风向≤3级/无持续风向≤3级
2016-02-02,-4,6,晴/晴,无持续风向≤3级/无持续风向≤3级
2016-02-03,-2,8,晴/阴,无持续风向≤3级/无持续风向≤3级
2016-02-04,-2,10,多云/晴,无持续风向≤3级/无持续风向≤3级
2016-02-05,-4,12,晴/晴,无持续风向≤3级/无持续风向≤3级
2016-02-06,-3,9,晴/晴,无持续风向≤3级/无持续风向≤3级
2016-02-07,-1,14,晴/晴,无持续风向≤3级/无持续风向≤3级
2016-02-08,3,17,晴/晴,无持续风向≤3级/无持续风向≤3级
2016-02-09,8,21,多云/多云,无持续风向≤3级/无持续风向≤3级
2016-02-10,11,19,小雨/小雨,无持续风向≤3级/无持续风向≤3级
2016-02-11,13,19,小雨/中雨,无持续风向≤3级/无持续风向≤3级
2016-02-12,8,19,中雨/小雨,无持续风向≤3级/北风3-4级
2016-02-13,3,12,阴/小雨,无持续风向≤3级/无持续风向4-5级
2016-02-14,-3,5,阴/多云,北风3-4级/无持续风向≤3级
2016-02-15,-2,8,晴/多云,无持续风向≤3级/无持续风向≤3级
2016-02-16,-1,12,晴/多云,无持续风向≤3级/无持续风向≤3级
2016-02-17,1,14,阴/晴,无持续风向≤3级/无持续风向≤3级
2016-02-18,3,16,多云/多云,无持续风向≤3级/无持续风向≤3级
2016-02-19,2,16,多云/晴,北风3-4级/北风3-4级
2016-02-20,1,12,晴/阴,无持续风向≤3级/无持续风向≤3级
2016-02-21,4,11,小雨/中雨,无持续风向≤3级/无持续风向≤3级
2016-02-22,4,10,阴/阴,无持续风向≤3级/无持续风向≤3级
2016-02-23,3,12,多云/多云,无持续风向≤3级/无持续风向3-4级
2016-02-24,2,14,晴/多云,无持续风向≤3级/无持续风向≤3级
2016-02-25,13,16,多云/晴,无持续风向≤3级/无持续风向≤3级
2016-02-26,7,19,晴/晴,无持续风向≤3级/无持续风向≤3级
2016-02-27,6,20,晴/晴,无持续风向≤3级/无持续风向≤3级
2016-02-28,3,19,晴/晴,北风3-4级/无持续风向≤3级
2016-02-29,4,17,晴/晴,无持续风向≤3级/无持续风向≤3级
2016-03-01,7,18,多云/小雨,无持续风向≤3级/无持续风向≤3级
2016-03-02,10,18,多云/小雨,无持续风向≤3级/无持续风向≤3级
2016-03-03,11,20,小雨/多云,无持续风向≤3级/无持续风向≤3级
2016-03-04,11,23,多云/中雨,无持续风向≤3级/北风3-4级
2016-03-05,8,19,小雨/多云,无持续风向3-4级/无持续风向≤3级
2016-03-06,12,22,晴/多云,无持续风向≤3级/无持续风向≤3级
2016-03-07,8,24,多云/中雨,无持续风向≤3级/北风4-5级
2016-03-08,3,12,小雨/小雨,无持续风向≤3级/北风3-4级
2016-03-09,2,7,阴/阴,无持续风向≤3级/北风4-5级
2016-03-10,0,9,多云/晴,无持续风向≤3级/无持续风向≤3级
2016-03-11,2,12,晴/晴,无持续风向≤3级/无持续风向≤3级
2016-03-12,6,14,多云/阴,无持续风向≤3级/无持续风向≤3级
2016-03-13,6,17,多云/多云,无持续风向≤3级/无持续风向≤3级
2016-03-14,5,16,多云/多云,无持续风向≤3级/无持续风向≤3级
2016-03-15,6,13,阴/多云,无持续风向≤3级/无持续风向≤3级
2016-03-16,10,16,阴/小雨,无持续风向≤3级/无持续风向≤3级
2016-03-17,11,14,小雨/多云,无持续风向≤3级/无持续风向≤3级
2016-03-18,10,20,多云/晴,无持续风向≤3级/无持续风向≤3级
2016-03-19,13,23,晴/多云,无持续风向≤3级/无持续风向≤3级
2016-03-20,12,23,小雨/小雨,无持续风向≤3级/无持续风向≤3级
2016-03-21,11,19,多云/多云,无持续风向≤3级/无持续风向≤3级
2016-03-22,11,18,小雨/小雨,无持续风向≤3级/无持续风向≤3级
2016-03-23,8,16,阴/多云,北风4-5级/北风3-4级
2016-03-24,4,15,多云/多云,无持续风向≤3级/无持续风向≤3级
2016-03-25,4,16,晴/多云,无持续风向≤3级/无持续风向≤3级
2016-03-26,2,13,小雨/多云,无持续风向≤3级/无持续风向≤3级
2016-03-27,6,20,晴/晴,无持续风向≤3级/无持续风向≤3级
2016-03-28,11,23,晴/多云,无持续风向≤3级/无持续风向≤3级
2016-03-29,12,20,小雨/中雨,无持续风向≤3级/无持续风向≤3级
2016-03-30,8,15,小雨/阴,无持续风向≤3级/无持续风向≤3级
2016-03-31,12,21,多云/晴,无持续风向≤3级/无持续风向≤3级
2016-04-01,16,26,多云/阵雨,无持续风向≤3级/无持续风向≤3级
2016-04-02,14,22,中雨/中雨,无持续风向≤3级/无持续风向≤3级
2016-04-03,11,17,中雨/多云,无持续风向3-4级/无持续风向≤3级
2016-04-04,14,17,多云/多云,无持续风向≤3级/无持续风向≤3级
2016-04-05,14,18,大雨/大雨,无持续风向≤3级/无持续风向≤3级
2016-04-06,13,16,大雨/小雨,无持续风向≤3级/无持续风向≤3级
2016-04-07,13,22,阴/多云,无持续风向≤3级/无持续风向≤3级
2016-04-08,14,25,多云/多云,无持续风向≤3级/无持续风向≤3级
2016-04-09,16,24,阴/多云,无持续风向≤3级/无持续风向≤3级
2016-04-10,15,26,多云/多云,无持续风向≤3级/无持续风向≤3级
2016-04-11,15,26,晴/多云,无持续风向≤3级/无持续风向≤3级
2016-04-12,16,26,阴/多云,无持续风向≤3级/无持续风向≤3级
2016-04-13,16,28,多云/多云,无持续风向≤3级/无持续风向≤3级
2016-04-14,16,26,小雨/小雨,无持续风向≤3级/无持续风向≤3级
2016-04-15,17,23,小雨/中雨,无持续风向≤3级/无持续风向≤3级
2016-04-16,12,21,小雨/多云,无持续风向≤3级/无持续风向≤3级
2016-04-17,10,19,小雨/晴,无持续风向≤3级/无持续风向≤3级
2016-04-18,14,23,晴/晴,无持续风向≤3级/无持续风向≤3级
2016-04-19,17,26,多云/暴雨,无持续风向≤3级/无持续风向≤3级
2016-04-20,15,20,大雨/小雨,无持续风向≤3级/无持续风向≤3级
2016-04-21,16,26,晴/多云,无持续风向≤3级/无持续风向≤3级
2016-04-22,17,25,多云/小雨,无持续风向≤3级/无持续风向≤3级
2016-04-23,15,23,小雨/多云,无持续风向≤3级/无持续风向≤3级
2016-04-24,15,20,多云/小雨,无持续风向≤3级/无持续风向≤3级
2016-04-25,16,21,小雨/小雨,无持续风向≤3级/无持续风向≤3级
2016-04-26,16,21,小雨/多云,无持续风向≤3级/无持续风向≤3级
2016-04-27,14,25,晴/晴,无持续风向≤3级/无持续风向≤3级
2016-04-28,16,26,多云/多云,无持续风向≤3级/无持续风向≤3级
2016-04-29,18,27,多云/多云,无持续风向≤3级/无持续风向≤3级
2016-04-30,19,29,晴/晴,无持续风向≤3级/无持续风向≤3级
2016-05-01,20,28,小雨/中雨,无持续风向≤3级/无持续风向≤3级
2016-05-02,15,26,中雨/多云,无持续风向≤3级/无持续风向≤3级
2016-05-03,17,27,晴/多云,无持续风向≤3级/无持续风向≤3级
2016-05-04,21,30,多云/小雨,无持续风向≤3级/无持续风向≤3级
2016-05-05,20,28,小雨/多云,无持续风向≤3级/无持续风向≤3级
2016-05-06,19,30,阵雨/阵雨,无持续风向≤3级/无持续风向≤3级
2016-05-07,16,22,小雨/小雨,无持续风向≤3级/无持续风向≤3级
2016-05-08,15,20,小雨/多云,无持续风向≤3级/无持续风向≤3级
2016-05-09,15,20,小雨/多云,无持续风向≤3级/无持续风向≤3级
2016-05-10,16,26,晴/晴,无持续风向≤3级/无持续风向≤3级
2016-05-11,18,29,晴/晴,无持续风向≤3级/无持续风向≤3级
2016-05-12,18,32,晴/多云,北风≤3级/北风3-4级
2016-05-13,19,28,多云/阴,无持续风向≤3级/无持续风向≤3级
2016-05-14,15,26,中雨/暴雨,无持续风向≤3级/北风4-5级
2016-05-15,12,20,小雨/晴,无持续风向≤3级/无持续风向≤3级
2016-05-16,14,26,晴/晴,无持续风向≤3级/无持续风向≤3级
2016-05-17,15,27,多云/多云,无持续风向≤3级/无持续风向≤3级
2016-05-18,19,27,多云/阴,东南风≤3级/无持续风向≤3级
2016-05-19,18,25,小雨/中雨,无持续风向≤3级/无持续风向≤3级
2016-05-20,17,21,中雨/小雨,无持续风向≤3级/无持续风向≤3级
2016-05-21,18,22,阴/多云,无持续风向≤3级/无持续风向≤3级
2016-05-22,17,24,阴/阴,无持续风向≤3级/无持续风向≤3级
2016-05-23,18,23,小雨/阴,无持续风向≤3级/无持续风向≤3级
2016-05-24,18,27,多云/阴,无持续风向≤3级/无持续风向≤3级
2016-05-25,19,26,小雨/中雨,无持续风向≤3级/无持续风向≤3级
2016-05-26,16,21,中雨/中雨,无持续风向≤3级/无持续风向≤3级
2016-05-27,17,20,中雨/小雨,无持续风向≤3级/无持续风向≤3级
2016-05-28,18,22,小雨/小雨,无持续风向≤3级/无持续风向≤3级
2016-05-29,20,27,多云/多云,无持续风向≤3级/无持续风向≤3级
2016-05-30,24,28,多云/多云,无持续风向≤3级/无持续风向≤3级
2016-05-31,24,31,中雨/大雨,无持续风向≤3级/无持续风向≤3级
2016-06-01,18,24,大雨/小雨,无持续风向≤3级/北风3-4级
2016-06-02,17,22,中雨/中雨,北风3-4级/无持续风向≤3级
2016-06-03,17,22,小雨/多云,无持续风向≤3级/无持续风向≤3级
2016-06-04,19,18,多云/晴,无持续风向≤3级/无持续风向≤3级
2016-06-05,22,31,晴/晴,无持续风向≤3级/无持续风向≤3级
2016-06-06,20,32,小雨/多云,无持续风向≤3级/无持续风向≤3级
2016-06-07,21,28,阴/阵雨,无持续风向≤3级/无持续风向≤3级
2016-06-08,21,30,多云/阴,无持续风向≤3级/无持续风向≤3级
2016-06-09,22,30,阴/多云,无持续风向≤3级/无持续风向≤3级
2016-06-10,23,31,多云/多云,无持续风向≤3级/无持续风向≤3级
2016-06-11,20,28,小雨/小雨,无持续风向≤3级/无持续风向≤3级
2016-06-12,22,29,多云/晴,无持续风向≤3级/无持续风向≤3级
2016-06-13,23,32,晴/晴,无持续风向≤3级/无持续风向≤3级
2016-06-14,24,34,多云/阴,无持续风向≤3级/无持续风向≤3级
2016-06-15,20,31,小雨/多云,无持续风向≤3级/无持续风向≤3级
2016-06-16,20,31,多云/晴,无持续风向≤3级/无持续风向≤3级
2016-06-17,23,33,晴/晴,无持续风向≤3级/无持续风向≤3级
2016-06-18,25,31,小雨/中雨,无持续风向≤3级/无持续风向≤3级
2016-06-19,23,28,暴雨/暴雨,无持续风向≤3级/南风3-4级
2016-06-20,25,28,大雨/小雨,无持续风向≤3级/无持续风向≤3级
2016-06-21,26,29,小雨/小雨,无持续风向≤3级/无持续风向≤3级
2016-06-22,27,34,小雨/晴,无持续风向≤3级/无持续风向≤3级
2016-06-23,26,35,多云/小雨,无持续风向≤3级/无持续风向≤3级
2016-06-24,20,30,中雨/大雨,无持续风向≤3级/无持续风向≤3级
2016-06-25,19,21,大雨/中雨,无持续风向≤3级/无持续风向≤3级
2016-06-26,20,23,阵雨/中雨,无持续风向≤3级/无持续风向≤3级
2016-06-27,19,21,暴雨/大雨,无持续风向≤3级/无持续风向≤3级
2016-06-28,19,23,大雨/中雨,无持续风向≤3级/无持续风向≤3级
2016-06-29,23,31,多云/多云,无持续风向≤3级/无持续风向≤3级
2016-06-30,24,32,中雨/暴雨,无持续风向≤3级/无持续风向≤3级
2016-07-01,23,27,暴雨/大雨,无持续风向≤3级/无持续风向≤3级
2016-07-02,23,26,大雨/大雨,无持续风向≤3级/无持续风向≤3级
2016-07-03,24,27,中雨/暴雨,无持续风向≤3级/无持续风向≤3级
2016-07-04,22,26,大雨/中雨,无持续风向≤3级/无持续风向≤3级
2016-07-05,23,27,大雨/暴雨,无持续风向≤3级/无持续风向≤3级
2016-07-06,24,28,中雨/中雨,无持续风向≤3级/无持续风向≤3级
2016-07-07,24,32,阵雨/多云,无持续风向≤3级/无持续风向≤3级
2016-07-08,26,34,多云/晴,无持续风向≤3级/无持续风向≤3级
2016-07-09,26,34,多云/阴,无持续风向≤3级/无持续风向≤3级
2016-07-10,25,34,多云/多云,无持续风向≤3级/北风3-4级
2016-07-11,26,34,多云/多云,东北风≤3级/东北风≤3级
2016-07-12,26,34,阵雨/小雨,无持续风向≤3级/无持续风向≤3级
2016-07-13,25,31,中雨/大雨,无持续风向≤3级/无持续风向≤3级
2016-07-14,25,31,大雨/中雨,无持续风向≤3级/无持续风向≤3级
2016-07-15,23,28,大雨/多云,无持续风向≤3级/无持续风向≤3级
2016-07-16,25,32,多云/多云,无持续风向≤3级/无持续风向≤3级
2016-07-17,25,33,多云/小雨,无持续风向≤3级/无持续风向≤3级
2016-07-18,26,32,中雨/中雨,无持续风向≤3级/无持续风向≤3级
2016-07-19,26,28,中雨/中雨,无持续风向≤3级/无持续风向≤3级
2016-07-20,25,30,中雨/中雨,无持续风向≤3级/无持续风向≤3级
2016-07-21,27,34,多云/晴,无持续风向≤3级/西南风4-5级
2016-07-22,27,35,晴/晴,无持续风向≤3级/南风3-4级
2016-07-23,28,36,晴/晴,南风3-4级/南风3-4级
2016-07-24,28,37,晴/晴,无持续风向≤3级/南风3-4级
2016-07-25,28,38,晴/晴,无持续风向≤3级/无持续风向≤3级
2016-07-26,29,38,晴/晴,无持续风向≤3级/无持续风向≤3级
2016-07-27,28,38,晴/晴,无持续风向≤3级/无持续风向≤3级
2016-07-28,28,38,晴/晴,无持续风向≤3级/无持续风向≤3级
2016-07-29,29,38,晴/晴,无持续风向≤3级/无持续风向≤3级
2016-07-30,29,38,多云/晴,无持续风向≤3级/无持续风向≤3级
2016-07-31,28,38,晴/晴,无持续风向≤3级/无持续风向≤3级
2016-08-01,27,37,多云/晴,无持续风向≤3级/无持续风向≤3级
2016-08-02,26,35,小雨/阵雨,无持续风向≤3级/无持续风向≤3级
2016-08-03,25,31,阵雨/阵雨,无持续风向≤3级/东北风≤3级
2016-08-04,25,31,中雨/阵雨,东北风≤3级/东北风≤3级
2016-08-05,26,31,阵雨/阵雨,无持续风向≤3级/无持续风向≤3级
2016-08-06,26,30,小雨/阵雨,无持续风向≤3级/无持续风向≤3级
2016-08-07,25,32,阵雨/阵雨,无持续风向≤3级/无持续风向≤3级
2016-08-08,26,32,阵雨/阵雨,无持续风向≤3级/无持续风向≤3级
2016-08-09,25,32,阵雨/多云,无持续风向≤3级/无持续风向≤3级
2016-08-10,26,34,阵雨/晴,无持续风向≤3级/无持续风向≤3级
2016-08-11,28,36,阵雨/晴,无持续风向≤3级/无持续风向≤3级
2016-08-12,28,37,多云/晴,无持续风向≤3级/无持续风向≤3级
2016-08-13,28,37,多云/晴,无持续风向≤3级/无持续风向≤3级
2016-08-14,27,37,晴/多云,无持续风向≤3级/无持续风向≤3级
2016-08-15,28,37,多云/晴,无持续风向≤3级/无持续风向≤3级
2016-08-16,28,38,晴/晴,东北风≤3级/东北风≤3级
2016-08-17,28,36,多云/晴,无持续风向≤3级/无持续风向≤3级
2016-08-18,27,37,晴/晴,无持续风向≤3级/无持续风向≤3级
2016-08-19,28,38,阴/多云,无持续风向≤3级/无持续风向≤3级
2016-08-20,28,36,多云/多云,无持续风向≤3级/无持续风向≤3级
2016-08-21,26,35,多云/多云,无持续风向≤3级/无持续风向≤3级
2016-08-22,26,34,多云/多云,无持续风向≤3级/无持续风向≤3级
2016-08-23,27,35,多云/多云,无持续风向≤3级/无持续风向≤3级
2016-08-24,28,35,多云/多云,无持续风向≤3级/无持续风向≤3级
2016-08-25,25,34,小雨/雷阵雨,无持续风向≤3级/北风4-5级
2016-08-26,21,28,阵雨/小雨,北风4-5级/北风3-4级
2016-08-27,18,28,多云/晴,北风3-4级/无持续风向≤3级
2016-08-28,19,30,晴/晴,北风≤3级/东北风≤3级
2016-08-29,19,31,晴/多云,无持续风向≤3级/无持续风向≤3级
2016-08-30,21,31,多云/晴,无持续风向≤3级/无持续风向≤3级
2016-08-31,21,30,多云/多云,无持续风向≤3级/无持续风向≤3级
2016-09-01,21,32,多云/晴,无持续风向≤3级/无持续风向≤3级
2016-09-02,22,34,晴/多云,无持续风向≤3级/无持续风向≤3级
2016-09-03,22,34,多云/多云,无持续风向≤3级/无持续风向≤3级
2016-09-04,22,31,多云/多云,无持续风向≤3级/无持续风向≤3级
2016-09-05,22,32,多云/多云,无持续风向≤3级/无持续风向≤3级
2016-09-06,21,31,多云/多云,无持续风向≤3级/无持续风向≤3级
2016-09-07,22,33,多云/多云,无持续风向≤3级/无持续风向≤3级
2016-09-08,22,32,晴/阴,无持续风向≤3级/无持续风向≤3级
2016-09-09,21,30,小雨/小雨,无持续风向≤3级/无持续风向≤3级
2016-09-10,20,30,多云/晴,无持续风向≤3级/无持续风向≤3级
2016-09-11,20,32,多云/晴,无持续风向≤3级/无持续风向≤3级
2016-09-12,21,33,晴/多云,无持续风向≤3级/无持续风向≤3级
2016-09-13,22,32,阴/多云,无持续风向≤3级/无持续风向≤3级
2016-09-14,23,32,多云/多云,无持续风向≤3级/无持续风向≤3级
2016-09-15,23,31,阵雨/多云,无持续风向≤3级/无持续风向≤3级
2016-09-16,22,31,小雨/多云,无持续风向≤3级/北风3-4级
2016-09-17,21,32,晴/晴,无持续风向≤3级/无持续风向≤3级
2016-09-18,20,31,晴/晴,无持续风向≤3级/无持续风向≤3级
2016-09-19,18,30,多云/阴,无持续风向≤3级/无持续风向≤3级
2016-09-20,18,28,多云/多云,无持续风向≤3级/无持续风向≤3级
2016-09-21,16,28,晴/晴,无持续风向≤3级/无持续风向≤3级
2016-09-22,18,30,晴/多云,无持续风向≤3级/无持续风向≤3级
2016-09-23,20,31,多云/多云,无持续风向≤3级/无持续风向≤3级
2016-09-24,22,31,多云/阴,无持续风向≤3级/无持续风向≤3级
2016-09-25,23,31,多云/多云,无持续风向≤3级/无持续风向≤3级
2016-09-26,23,33,多云/多云,无持续风向≤3级/无持续风向≤3级
2016-09-27,21,29,多云/多云,无持续风向≤3级/无持续风向≤3级
2016-09-28,16,26,阵雨/小雨,无持续风向≤3级/北风4-5级
2016-09-29,17,18,大雨/大雨,无持续风向3-4级/无持续风向≤3级
2016-09-30,17,20,小雨/小雨,无持续风向≤3级/无持续风向≤3级
2016-10-01,18,21,小雨/小雨,无持续风向≤3级/无持续风向≤3级
2016-10-02,16,24,阵雨/晴,无持续风向≤3级/无持续风向≤3级
2016-10-03,18,29,晴/晴,无持续风向≤3级/无持续风向≤3级
2016-10-04,18,30,晴/晴,无持续风向≤3级/无持续风向≤3级
2016-10-05,19,29,晴/晴,无持续风向≤3级/无持续风向≤3级
2016-10-06,20,29,多云/阵雨,无持续风向≤3级/无持续风向≤3级
2016-10-07,19,27,多云/多云,西北风3-4级/西北风3-4级
2016-10-08,16,26,晴/晴,北风3-4级/无持续风向≤3级
2016-10-09,15,24,晴/多云,无持续风向≤3级/无持续风向≤3级
2016-10-10,16,23,多云/阴,无持续风向≤3级/无持续风向≤3级
2016-10-11,17,22,阴/小雨,无持续风向≤3级/东北风≤3级
2016-10-12,16,20,阴/小雨,无持续风向≤3级/无持续风向≤3级
2016-10-13,16,18,小雨/小雨,无持续风向≤3级/北风≤3级
2016-10-14,16,19,多云/小雨,无持续风向≤3级/无持续风向≤3级
2016-10-15,16,23,小雨/小雨,无持续风向≤3级/无持续风向≤3级
2016-10-16,16,25,多云/晴,无持续风向≤3级/无持续风向≤3级
2016-10-17,16,24,多云/阴,无持续风向≤3级/无持续风向≤3级
2016-10-18,18,25,小雨/多云,无持续风向≤3级/无持续风向≤3级
2016-10-19,19,24,小雨/小雨,无持续风向≤3级/无持续风向≤3级
2016-10-20,18,23,小雨/小雨,无持续风向≤3级/无持续风向≤3级
2016-10-21,19,24,小雨/中雨,无持续风向≤3级/北风3-4级
2016-10-22,16,20,小雨/多云,无持续风向≤3级/无持续风向≤3级
2016-10-23,16,20,阴/小雨,无持续风向≤3级/北风≤3级
2016-10-24,12,17,小雨/小雨,无持续风向≤3级/北风≤3级
2016-10-25,14,15,小雨/小雨,北风≤3级/北风≤3级
2016-10-26,14,16,小雨/小雨,无持续风向≤3级/无持续风向≤3级
2016-10-27,12,17,小雨/小雨,无持续风向≤3级/无持续风向≤3级
2016-10-28,10,14,小雨/小雨,无持续风向4-5级/无持续风向3-4级
2016-10-29,7,10,小雨/阴,无持续风向3-4级/无持续风向≤3级
2016-10-30,10,13,小雨/小雨,无持续风向≤3级/无持续风向≤3级
2016-10-31,9,14,小雨/阴,无持续风向≤3级/无持续风向≤3级
2016-11-01,7,16,阴/多云,无持续风向≤3级/无持续风向≤3级
2016-11-02,8,18,多云/多云,北风≤3级/东北风≤3级
2016-11-03,8,18,晴/晴,无持续风向≤3级/南风≤3级
2016-11-04,10,19,晴/晴,无持续风向≤3级/无持续风向≤3级
2016-11-05,13,22,晴/多云,无持续风向≤3级/无持续风向≤3级
2016-11-06,14,22,多云/小雨,无持续风向≤3级/无持续风向≤3级
2016-11-07,10,17,小雨/多云,北风3-4级/北风3-4级
2016-11-08,8,11,小雨/阴,无持续风向<3级/无持续风向<3级
2016-11-09,4,11,小雨/晴,无持续风向<3级/无持续风向<3级
2016-11-10,5,14,晴/晴,无持续风向≤3级/无持续风向≤3级
2016-11-11,8,18,晴/多云,无持续风向≤3级/无持续风向≤3级
2016-11-12,11,20,晴/多云,无持续风向≤3级/无持续风向≤3级
2016-11-13,13,21,多云/多云,无持续风向≤3级/无持续风向≤3级
2016-11-14,13,21,多云/小雨,无持续风向≤3级/无持续风向≤3级
2016-11-15,14,18,小雨/小雨,无持续风向≤3级/无持续风向≤3级
2016-11-16,14,17,小雨/小雨,无持续风向≤3级/无持续风向≤3级
2016-11-17,14,16,小雨/小雨,无持续风向≤3级/无持续风向≤3级
2016-11-18,14,16,中雨/阴,无持续风向≤3级/无持续风向≤3级
2016-11-19,13,21,多云/多云,东北风≤3级/东北风≤3级
2016-11-20,13,18,阴/小雨,无持续风向≤3级/无持续风向≤3级
2016-11-21,6,18,多云/小雨,无持续风向≤3级/无持续风向3-4级
2016-11-22,-1,4,小雨/雨夹雪,北风4-5级/北风4-5级
2016-11-23,-3,0,小雪/多云,无持续风向≤3级/无持续风向≤3级
2016-11-24,-2,5,多云/多云,无持续风向≤3级/无持续风向≤3级
2016-11-25,4,8,多云/小雨,无持续风向≤3级/无持续风向≤3级
2016-11-26,3,12,晴/晴,无持续风向≤3级/无持续风向≤3级
2016-11-27,0,15,晴/多云,无持续风向≤3级/无持续风向≤3级
2016-11-28,3,14,晴/多云,无持续风向≤3级/无持续风向≤3级
2016-11-29,3,11,小雨/多云,无持续风向≤3级/无持续风向≤3级
2016-11-30,3,13,阴/晴,无持续风向≤3级/无持续风向≤3级
2016-12-01,2,15,多云/多云,西南风≤3级/北风≤3级
2016-12-02,2,15,多云/多云,无持续风向≤3级/无持续风向≤3级
2016-12-03,4,15,多云/晴,无持续风向≤3级/无持续风向≤3级
2016-12-04,5,18,晴/晴,无持续风向≤3级/无持续风向≤3级
2016-12-05,2,18,晴/晴,北风4-5级/北风3-4级
2016-12-06,1,12,晴/多云,北风≤3级/无持续风向≤3级
2016-12-07,0,15,多云/晴,无持续风向≤3级/无持续风向≤3级
2016-12-08,3,18,晴/晴,无持续风向≤3级/无持续风向≤3级
2016-12-09,5,17,晴/多云,无持续风向≤3级/无持续风向≤3级
2016-12-10,5,14,多云/多云,无持续风向≤3级/无持续风向≤3级
2016-12-11,6,14,多云/多云,东北风≤3级/东风≤3级
2016-12-12,6,14,多云/小雨,东风≤3级/东风≤3级
2016-12-13,4,12,小雨/晴,北风≤3级/北风3-4级
2016-12-14,1,8,多云/晴,无持续风向≤3级/无持续风向≤3级
2016-12-15,-1,10,多云/晴,无持续风向≤3级/无持续风向≤3级
2016-12-16,1,12,晴/晴,无持续风向≤3级/无持续风向≤3级
2016-12-17,4,15,晴/多云,无持续风向≤3级/无持续风向≤3级
2016-12-18,7,15,多云/阴,无持续风向≤3级/无持续风向≤3级
2016-12-19,10,13,小雨/小雨,无持续风向≤3级/无持续风向≤3级
2016-12-20,8,12,小雨/中雨,无持续风向≤3级/无持续风向≤3级
2016-12-21,2,9,小雨/多云,北风3-4级/无持续风向≤3级
2016-12-22,1,14,晴/晴,无持续风向≤3级/无持续风向≤3级
2016-12-23,1,14,多云/阴,无持续风向≤3级/无持续风向≤3级
2016-12-24,6,9,小雨/小雨,无持续风向≤3级/无持续风向≤3级
2016-12-25,4,6,中雨/小雨,无持续风向3-4级/北风3-4级
2016-12-26,0,7,小雨/多云,北风3-4级/北风3-4级
2016-12-27,-1,9,晴/晴,北风3-4级/无持续风向≤3级
2016-12-28,-1,8,晴/晴,无持续风向≤3级/无持续风向≤3级
2016-12-29,-1,9,晴/晴,无持续风向≤3级/无持续风向≤3级
2016-12-30,-1,10,晴/晴,无持续风向≤3级/无持续风向≤3级
2016-12-31,1,11,晴/晴,无持续风向≤3级/无持续风向≤3级
2017-01-01,4,14,多云/多云,无持续风向≤3级/无持续风向≤3级
2017-01-02,4,16,晴/多云,无持续风向≤3级/无持续风向≤3级
2017-01-03,4,15,多云/阴,无持续风向≤3级/无持续风向≤3级
2017-01-04,10,13,小雨/中雨,无持续风向≤3级/无持续风向≤3级
2017-01-05,7,10,中雨/中雨,无持续风向≤3级/无持续风向≤3级
2017-01-06,6,8,小雨/小雨,北风≤3级/北风≤3级
2017-01-07,2,8,小雨/晴,无持续风向≤3级/无持续风向≤3级
2017-01-08,1,11,晴/多云,无持续风向≤3级/无持续风向≤3级
2017-01-09,3,11,多云/阴,无持续风向≤3级/无持续风向≤3级
2017-01-10,4,8,小雨/小雨,无持续风向≤3级/无持续风向≤3级
2017-01-11,2,6,小雨/小雨,无持续风向≤3级/无持续风向≤3级
2017-01-12,-1,9,多云/晴,无持续风向≤3级/无持续风向≤3级
2017-01-13,0,12,晴/多云,无持续风向≤3级/无持续风向≤3级
2017-01-14,2,11,晴/多云,无持续风向≤3级/无持续风向≤3级
2017-01-15,-2,9,晴/晴,无持续风向≤3级/无持续风向≤3级
2017-01-16,-2,10,多云/多云,无持续风向≤3级/无持续风向≤3级
2017-01-17,5,9,多云/小雨,北风≤3级/北风≤3级
2017-01-18,4,8,阴/阴,无持续风向≤3级/无持续风向≤3级
2017-01-19,-2,10,多云/多云,无持续风向≤3级/无持续风向≤3级
2017-01-20,-2,7,晴/晴,无持续风向≤3级/无持续风向≤3级
2017-01-21,-3,10,晴/晴,无持续风向≤3级/无持续风向≤3级
2017-01-22,-2,12,晴/晴,无持续风向≤3级/无持续风向≤3级
2017-01-23,0,13,晴/多云,无持续风向≤3级/无持续风向≤3级
2017-01-24,0,11,阴/多云,无持续风向≤3级/无持续风向≤3级
2017-01-25,0,13,多云/晴,无持续风向≤3级/无持续风向≤3级
2017-01-26,2,16,晴/多云,无持续风向≤3级/无持续风向≤3级
2017-01-27,6,14,多云/多云,无持续风向≤3级/无持续风向≤3级
2017-01-28,6,16,多云/阴,无持续风向≤3级/无持续风向≤3级
2017-01-29,0,9,小雨/多云,无持续风向≤3级/北风3-4级
2017-01-30,2,7,多云/多云,无持续风向≤3级/东北风≤3级
2017-01-31,0,5,小雨/小雨,无持续风向≤3级/无持续风向≤3级
2017-02-01,1,6,小雨/小雨,无持续风向3-4级/无持续风向≤3级
2017-02-02,3,4,小雨/小雨,东北风≤3级/东北风≤3级
2017-02-03,3,6,小雨/多云,无持续风向≤3级/无持续风向≤3级
2017-02-04,1,10,多云/晴,无持续风向≤3级/无持续风向≤3级
2017-02-05,4,12,多云/晴,无持续风向≤3级/无持续风向≤3级
2017-02-06,5,12,多云/阴,无持续风向≤3级/无持续风向≤3级
2017-02-07,2,7,小雨/中雨,无持续风向3-4级/无持续风向3-4级
2017-02-08,-2,6,雨夹雪/多云,无持续风向3-4级/无持续风向3-4级
2017-02-09,-2,8,多云/晴,无持续风向≤3级/无持续风向≤3级
2017-02-10,-2,10,晴/多云,无持续风向≤3级/无持续风向≤3级
2017-02-11,-1,12,晴/晴,无持续风向≤3级/无持续风向≤3级
2017-02-12,0,14,晴/晴,无持续风向≤3级/无持续风向≤3级
2017-02-13,0,16,晴/多云,无持续风向≤3级/无持续风向≤3级
2017-02-14,4,18,多云/多云,东风≤3级/东南风≤3级
2017-02-15,6,18,多云/小雨,东南风≤3级/南风≤3级
2017-02-16,10,22,晴/小雨,无持续风向≤3级/无持续风向≤3级
2017-02-17,6,16,多云/小雨,无持续风向3-4级/无持续风向≤3级
2017-02-18,6,16,多云/多云,无持续风向≤3级/无持续风向≤3级
2017-02-19,10,20,多云/小雨,无持续风向≤3级/无持续风向≤3级
2017-02-20,7,17,多云/阴,无持续风向3-4级/无持续风向3-4级
2017-02-21,0,8,中雨/中雨,北风4-5级/无持续风向3-4级
2017-02-22,1,6,小雨/阴,无持续风向≤3级/无持续风向≤3级
2017-02-23,4,11,多云/多云,无持续风向≤3级/无持续风向≤3级
2017-02-24,2,12,多云/多云,无持续风向≤3级/无持续风向≤3级
2017-02-25,3,15,多云/多云,无持续风向≤3级/无持续风向≤3级
2017-02-26,5,16,晴/多云,无持续风向≤3级/无持续风向≤3级
2017-02-27,4,18,多云/多云,无持续风向≤3级/无持续风向≤3级
2017-02-28,6,19,阴/多云,无持续风向≤3级/无持续风向≤3级
2017-03-01,0,17,晴/晴,西北风4-5级/东北风≤3级
2017-03-02,2,14,晴/多云,东北风≤3级/东南风≤3级
2017-03-03,7,17,多云/阴,无持续风向≤3级/无持续风向≤3级
2017-03-04,9,12,小雨/小雨,无持续风向≤3级/无持续风向≤3级
2017-03-05,6,15,阴/多云,无持续风向≤3级/无持续风向≤3级
2017-03-06,5,16,多云/多云,无持续风向≤3级/无持续风向≤3级
2017-03-07,3,17,多云/多云,无持续风向≤3级/无持续风向≤3级
2017-03-08,4,19,晴/晴,无持续风向≤3级/无持续风向≤3级
2017-03-09,6,19,多云/多云,无持续风向≤3级/无持续风向≤3级
2017-03-10,11,15,小雨/小雨,无持续风向≤3级/无持续风向≤3级
2017-03-11,10,19,阴/小雨,无持续风向≤3级/无持续风向≤3级
2017-03-12,7,16,中雨/中雨,无持续风向≤3级/无持续风向≤3级
2017-03-13,4,10,小雨/多云,无持续风向≤3级/无持续风向≤3级
2017-03-14,5,14,多云/多云,北风≤3级/东北风≤3级
2017-03-15,5,12,小雨/多云,无持续风向≤3级/无持续风向≤3级
2017-03-16,8,15,多云/多云,无持续风向≤3级/无持续风向≤3级
2017-03-17,7,14,小雨/阴,无持续风向≤3级/无持续风向≤3级
2017-03-18,8,15,小雨/阴,无持续风向≤3级/无持续风向≤3级
2017-03-19,9,13,小雨/小雨,无持续风向≤3级/无持续风向≤3级
2017-03-20,6,15,阴/多云,无持续风向≤3级/无持续风向≤3级
2017-03-21,7,15,小雨/小雨,无持续风向≤3级/无持续风向≤3级
2017-03-22,8,12,小雨/多云,无持续风向≤3级/无持续风向≤3级
2017-03-23,9,14,小雨/小雨,东风≤3级/东风≤3级
2017-03-24,6,10,小雨/阴,无持续风向≤3级/无持续风向≤3级
2017-03-25,6,17,多云/晴,无持续风向≤3级/无持续风向≤3级
2017-03-26,7,20,晴/晴,西风≤3级/西北风≤3级
2017-03-27,11,22,晴/多云,无持续风向≤3级/无持续风向≤3级
2017-03-28,12,24,多云/晴,无持续风向≤3级/无持续风向≤3级
2017-03-29,12,22,阴/中雨,无持续风向≤3级/无持续风向≤3级
2017-03-30,10,16,中雨/小雨,无持续风向3-4级/无持续风向≤3级
2017-03-31,7,18,多云/多云,无持续风向≤3级/无持续风向3-4级
2017-04-01,9,21,晴/晴,无持续风向≤3级/无持续风向≤3级
2017-04-02,12,24,晴/多云,无持续风向≤3级/无持续风向≤3级
2017-04-03,14,22,阴/小雨,无持续风向≤3级/无持续风向≤3级
2017-04-04,15,20,小雨/小雨,无持续风向≤3级/无持续风向≤3级
2017-04-05,14,20,小雨/大雨,东北风≤3级/东风≤3级
2017-04-06,14,19,小雨/多云,无持续风向≤3级/无持续风向≤3级
2017-04-07,17,23,多云/多云,南风≤3级/东南风≤3级
2017-04-08,15,26,暴雨/大雨,无持续风向≤3级/无持续风向≤3级
2017-04-09,10,16,中雨/小雨,无持续风向4-5级/无持续风向3-4级
2017-04-10,5,10,小雨/阴,无持续风向3-4级/无持续风向≤3级
2017-04-11,8,17,多云/多云,无持续风向≤3级/无持续风向≤3级
2017-04-12,10,21,晴/晴,无持续风向≤3级/无持续风向≤3级
2017-04-13,13,24,晴/晴,无持续风向≤3级/无持续风向≤3级
2017-04-14,16,28,晴/晴,无持续风向≤3级/无持续风向≤3级
2017-04-15,19,29,阵雨/小雨,无持续风向≤3级/无持续风向≤3级
2017-04-16,14,26,小雨/小雨,无持续风向3-4级/无持续风向4-5级
2017-04-17,16,26,多云/多云,无持续风向≤3级/无持续风向≤3级
2017-04-18,17,28,多云/多云,无持续风向≤3级/无持续风向≤3级
2017-04-19,16,25,小雨/多云,南风≤3级/北风3-4级
2017-04-20,13,23,小雨/阴,无持续风向≤3级/西北风3-4级
2017-04-21,11,22,多云/多云,西北风4-5级/西北风≤3级
2017-04-22,12,24,晴/晴,无持续风向≤3级/无持续风向≤3级
2017-04-23,14,26,多云/多云,无持续风向≤3级/无持续风向≤3级
2017-04-24,16,27,晴/小雨,微风<3级/微风<3级
2017-04-25,14,19,大雨/中雨,北风4-5级/北风4-5级
2017-04-26,14,19,小雨/多云,无持续风向≤3级/无持续风向≤3级
2017-04-27,11,24,多云/晴,无持续风向≤3级/无持续风向≤3级
2017-04-28,13,26,晴/晴,南风≤3级/南风≤3级
2017-04-29,16,28,晴/晴,无持续风向≤3级/无持续风向≤3级
2017-04-30,16,29,晴/多云,无持续风向≤3级/无持续风向≤3级
2017-05-01,16,23,中雨/多云,东风≤3级/东风≤3级
2017-05-02,18,27,多云/多云,无持续风向≤3级/无持续风向≤3级
2017-05-03,16,23,大雨/中雨,东风4-5级/西北风4-5级
2017-05-04,14,26,多云/晴,无持续风向3-4级/无持续风向≤3级
2017-05-05,16,27,多云/多云,北风≤3级/北风≤3级
2017-05-06,16,24,阵雨/多云,无持续风向≤3级/无持续风向≤3级
2017-05-07,16,21,小雨/中雨,无持续风向≤3级/无持续风向≤3级
2017-05-08,15,24,多云/晴,无持续风向≤3级/无持续风向≤3级
2017-05-09,18,30,晴/晴,无持续风向≤3级/无持续风向≤3级
2017-05-10,20,30,晴/小雨,无持续风向≤3级/无持续风向≤3级
2017-05-11,15,24,中雨/多云,无持续风向≤3级/无持续风向≤3级
2017-05-12,17,30,多云/晴,无持续风向≤3级/无持续风向≤3级
2017-05-13,19,34,晴/多云,微风<3级/微风<3级
2017-05-14,16,29,晴/多云,微风<3级/微风<3级
2017-05-15,15,28,小雨/多云,微风<3级/微风<3级
2017-05-16,15,27,多云/晴,北风≤3级/北风≤3级
2017-05-17,18,30,晴/晴,无持续风向≤3级/无持续风向≤3级
2017-05-18,21,31,多云/多云,无持续风向≤3级/无持续风向≤3级
2017-05-19,20,28,阵雨/多云,无持续风向≤3级/无持续风向≤3级
2017-05-20,21,30,多云/多云,无持续风向≤3级/无持续风向≤3级
2017-05-21,22,31,多云/小雨,无持续风向≤3级/无持续风向≤3级
2017-05-22,19,27,中雨/中雨,无持续风向≤3级/北风3-4级
2017-05-23,18,23,阴/多云,无持续风向≤3级/无持续风向≤3级
2017-05-24,15,26,多云/多云,无持续风向≤3级/无持续风向≤3级
2017-05-25,16,29,晴/晴,无持续风向≤3级/无持续风向≤3级
2017-05-26,18,31,晴/晴,无持续风向≤3级/无持续风向≤3级
2017-05-27,19,32,晴/晴,西南风≤3级/南风≤3级
2017-05-28,22,33,晴/晴,东南风≤3级/南风≤3级
2017-05-29,22,34,晴/多云,无持续风向≤3级/无持续风向≤3级
2017-05-30,25,34,阴/阴,无持续风向≤3级/无持续风向≤3级
2017-05-31,24,32,多云/阵雨,无持续风向≤3级/无持续风向≤3级
2017-06-01,22,31,多云/多云,无持续风向≤3级/无持续风向≤3级
2017-06-02,23,32,多云/多云,无持续风向≤3级/无持续风向≤3级
2017-06-03,24,33,阵雨/多云,无持续风向≤3级/东北风≤3级
2017-06-04,20,29,小雨/大雨,无持续风向≤3级/无持续风向≤3级
2017-06-05,17,24,大雨/小雨,东风3-4级/北风3-4级
2017-06-06,18,26,多云/多云,无持续风向≤3级/无持续风向≤3级
2017-06-07,20,30,晴/晴,无持续风向≤3级/无持续风向≤3级
2017-06-08,24,31,多云/小雨,无持续风向≤3级/无持续风向≤3级
2017-06-09,23,29,大雨/大雨,无持续风向≤3级/无持续风向≤3级
2017-06-10,22,28,中雨/小雨,无持续风向≤3级/无持续风向≤3级
2017-06-11,22,28,阴/阵雨,无持续风向≤3级/无持续风向≤3级
2017-06-12,22,27,小雨/小雨,无持续风向≤3级/无持续风向≤3级
2017-06-13,21,26,小雨/阴,无持续风向≤3级/无持续风向≤3级
2017-06-14,21,27,多云/小雨,无持续风向≤3级/无持续风向≤3级
2017-06-15,19,25,小雨/多云,无持续风向≤3级/无持续风向≤3级
2017-06-16,20,29,多云/多云,无持续风向≤3级/无持续风向≤3级
2017-06-17,21,31,多云/多云,无持续风向≤3级/无持续风向≤3级
2017-06-18,22,31,多云/多云,无持续风向≤3级/无持续风向≤3级
2017-06-19,23,30,阵雨/多云,无持续风向≤3级/无持续风向≤3级
2017-06-20,23,30,阵雨/多云,无持续风向≤3级/无持续风向≤3级
2017-06-21,24,30,小雨/多云,无持续风向≤3级/无持续风向≤3级
2017-06-22,24,32,阴/中雨,无持续风向≤3级/无持续风向≤3级
2017-06-23,23,28,大雨/大雨,东南风≤3级/东南风≤3级
2017-06-24,24,31,阴/阵雨,无持续风向≤3级/无持续风向≤3级
2017-06-25,23,28,阵雨/多云,无持续风向≤3级/无持续风向≤3级
2017-06-26,22,31,小雨/多云,无持续风向≤3级/无持续风向≤3级
2017-06-27,23,31,多云/多云,无持续风向≤3级/无持续风向≤3级
2017-06-28,23,30,阵雨/多云,无持续风向≤3级/无持续风向≤3级
2017-06-29,24,31,多云/大雨,无持续风向≤3级/无持续风向≤3级
2017-06-30,23,27,大雨/中雨,无持续风向≤3级/无持续风向≤3级
2017-07-01,23,26,大雨/中雨,无持续风向≤3级/无持续风向≤3级
2017-07-02,24,32,阵雨/多云,无持续风向≤3级/无持续风向≤3级
2017-07-03,24,33,阵雨/晴,无持续风向≤3级/无持续风向≤3级
2017-07-04,25,33,阵雨/阵雨,无持续风向≤3级/无持续风向≤3级
2017-07-05,27,33,阵雨/多云,无持续风向≤3级/无持续风向≤3级
2017-07-06,27,34,多云/多云,东南风≤3级/南风3-4级
2017-07-07,27,32,阵雨/阵雨,无持续风向≤3级/无持续风向≤3级
2017-07-08,25,30,阵雨/中雨,无持续风向≤3级/无持续风向≤3级
2017-07-09,24,29,中雨/中雨,无持续风向≤3级/无持续风向≤3级
2017-07-10,25,28,小雨/中雨,微风<3级/微风<3级
2017-07-11,26,33,小雨/多云,无持续风向≤3级/无持续风向≤3级
2017-07-12,28,34,多云/多云,无持续风向≤3级/无持续风向≤3级
2017-07-13,28,35,多云/多云,无持续风向≤3级/无持续风向≤3级
2017-07-14,28,35,多云/多云,无持续风向≤3级/无持续风向≤3级
2017-07-15,28,35,多云/多云,南风3-4级/南风3-4级
2017-07-16,28,36,多云/晴,无持续风向≤3级/无持续风向≤3级
2017-07-17,28,37,晴/多云,无持续风向≤3级/无持续风向≤3级
2017-07-18,28,36,多云/多云,无持续风向≤3级/无持续风向≤3级
2017-07-19,28,36,多云/晴,无持续风向≤3级/无持续风向≤3级
2017-07-20,28,36,阴/晴,无持续风向≤3级/无持续风向≤3级
2017-07-21,28,36,晴/晴,无持续风向≤3级/无持续风向≤3级
2017-07-22,28,38,晴/晴,无持续风向≤3级/无持续风向≤3级
2017-07-23,28,38,晴/晴,无持续风向≤3级/无持续风向≤3级
2017-07-24,29,39,晴/晴,无持续风向≤3级/无持续风向≤3级
2017-07-25,29,39,晴/晴,无持续风向≤3级/无持续风向≤3级
2017-07-26,29,40,晴/晴,无持续风向≤3级/无持续风向≤3级
2017-07-27,29,40,晴/晴,东南风≤3级/东南风≤3级
2017-07-28,29,39,多云/晴,东风≤3级/东北风≤3级
2017-07-29,27,36,多云/多云,无持续风向≤3级/无持续风向≤3级
2017-07-30,27,35,多云/多云,无持续风向≤3级/无持续风向≤3级
2017-07-31,26,32,阵雨/阵雨,无持续风向≤3级/无持续风向≤3级
2017-08-01,26,30,中雨/中雨,北风3-4级/无持续风向≤3级
2017-08-02,26,30,阵雨/阵雨,西风≤3级/西风≤3级
2017-08-03,27,34,阵雨/多云,无持续风向≤3级/无持续风向≤3级
2017-08-04,27,35,阵雨/多云,无持续风向≤3级/无持续风向≤3级
2017-08-05,28,35,阵雨/多云,无持续风向≤3级/无持续风向≤3级
2017-08-06,29,36,多云/多云,无持续风向≤3级/无持续风向≤3级
2017-08-07,28,37,多云/阵雨,无持续风向≤3级/无持续风向≤3级
2017-08-08,25,32,阵雨/中雨,无持续风向≤3级/无持续风向≤3级
2017-08-09,24,31,多云/多云,无持续风向≤3级/无持续风向≤3级
2017-08-10,27,35,晴/多云,无持续风向≤3级/无持续风向≤3级
2017-08-11,25,33,阴/小雨,无持续风向≤3级/无持续风向≤3级
2017-08-12,24,29,大雨/暴雨,东南风<3级/东南风<3级
2017-08-13,24,29,中雨/小雨,无持续风向≤3级/无持续风向≤3级
2017-08-14,24,30,小雨/多云,西风≤3级/东北风≤3级
2017-08-15,25,32,多云/阵雨,无持续风向≤3级/无持续风向≤3级
2017-08-16,25,32,小雨/阵雨,无持续风向≤3级/无持续风向≤3级
2017-08-17,25,32,小雨/小雨,无持续风向≤3级/无持续风向≤3级
2017-08-18,26,33,阵雨/多云,无持续风向≤3级/无持续风向≤3级
2017-08-19,27,35,多云/小雨,无持续风向≤3级/无持续风向≤3级
2017-08-20,26,34,阵雨/阵雨,无持续风向≤3级/无持续风向≤3级
2017-08-21,26,34,阵雨/多云,无持续风向≤3级/无持续风向≤3级
2017-08-22,27,35,晴/晴,无持续风向≤3级/无持续风向≤3级
2017-08-23,28,36,晴/多云,无持续风向≤3级/无持续风向≤3级
2017-08-24,27,36,多云/多云,无持续风向≤3级/无持续风向≤3级
2017-08-25,26,33,小雨/小雨,无持续风向≤3级/无持续风向≤3级
2017-08-26,24,32,阵雨/多云,无持续风向≤3级/无持续风向≤3级
2017-08-27,26,35,多云/晴,无持续风向≤3级/无持续风向≤3级
2017-08-28,26,36,晴/多云,无持续风向≤3级/无持续风向≤3级
2017-08-29,23,33,阵雨/阵雨,北风≤3级/北风3-4级
2017-08-30,21,27,多云/多云,无持续风向≤3级/无持续风向≤3级
2017-08-31,20,26,多云/阴,无持续风向≤3级/无持续风向≤3级
2017-09-01,21,25,小雨/小雨,无持续风向≤3级/无持续风向≤3级
2017-09-02,21,24,小雨/小雨,无持续风向≤3级/无持续风向≤3级
2017-09-03,20,23,小雨/阴,无持续风向≤3级/无持续风向≤3级
2017-09-04,20,26,阵雨/多云,无持续风向≤3级/无持续风向≤3级
2017-09-05,22,28,多云/阵雨,无持续风向≤3级/无持续风向≤3级
2017-09-06,20,26,小雨/多云,无持续风向≤3级/无持续风向≤3级
2017-09-07,21,30,晴/晴,无持续风向≤3级/无持续风向≤3级
2017-09-08,23,32,晴/多云,无持续风向≤3级/无持续风向≤3级
2017-09-09,24,32,阵雨/小雨,无持续风向≤3级/无持续风向≤3级
2017-09-10,19,27,中雨/小雨,无持续风向≤3级/无持续风向≤3级
2017-09-11,20,28,晴/晴,无持续风向≤3级/无持续风向≤3级
2017-09-12,20,30,晴/晴,无持续风向≤3级/无持续风向≤3级
2017-09-13,20,31,晴/晴,无持续风向≤3级/无持续风向≤3级
2017-09-14,20,30,晴/晴,无持续风向≤3级/无持续风向≤3级
2017-09-15,19,30,晴/晴,无持续风向≤3级/无持续风向≤3级
2017-09-16,19,30,多云/晴,无持续风向≤3级/无持续风向≤3级
2017-09-17,20,29,晴/晴,无持续风向≤3级/无持续风向≤3级
2017-09-18,21,30,多云/中雨,无持续风向≤3级/无持续风向≤3级
2017-09-19,20,25,大雨/小雨,无持续风向≤3级/无持续风向≤3级
2017-09-20,20,26,多云/多云,无持续风向≤3级/无持续风向≤3级
2017-09-21,20,26,阵雨/多云,无持续风向≤3级/无持续风向≤3级
2017-09-22,21,28,多云/小雨,无持续风向≤3级/无持续风向≤3级
2017-09-23,22,26,小雨/小雨,东风≤3级/东风≤3级
2017-09-24,23,29,小雨/小雨,无持续风向≤3级/无持续风向≤3级
2017-09-25,23,31,多云/多云,无持续风向≤3级/无持续风向≤3级
2017-09-26,22,32,多云/小雨,无持续风向≤3级/无持续风向≤3级
2017-09-27,20,24,小雨/中雨,无持续风向≤3级/无持续风向≤3级
2017-09-28,20,25,小雨/小雨,无持续风向≤3级/无持续风向≤3级
2017-09-29,19,23,小雨/多云,无持续风向≤3级/无持续风向≤3级
2017-09-30,20,26,小雨/多云,无持续风向≤3级/无持续风向≤3级
2017-10-01,20,31,小雨/小雨,无持续风向≤3级/无持续风向≤3级
2017-10-02,19,24,阴/小雨,无持续风向≤3级/无持续风向≤3级
2017-10-03,16,21,小雨/小雨,无持续风向≤3级/无持续风向≤3级
2017-10-04,13,17,小雨/小雨,无持续风向3-4级/北风≤3级
2017-10-05,14,16,中雨/小雨,无持续风向≤3级/无持续风向≤3级
2017-10-06,16,21,多云/多云,西北风≤3级/东北风≤3级
2017-10-07,19,27,晴/晴,无持续风向≤3级/无持续风向≤3级
2017-10-08,21,30,晴/晴,无持续风向≤3级/无持续风向≤3级
2017-10-09,21,31,晴/晴,无持续风向≤3级/无持续风向≤3级
2017-10-10,15,24,多云/小雨,北风4-5级/北风4-5级
2017-10-11,12,16,阵雨/小雨,无持续风向≤3级/无持续风向≤3级
2017-10-12,12,14,中雨/阴,无持续风向≤3级/无持续风向≤3级
2017-10-13,14,18,阵雨/小雨,无持续风向≤3级/无持续风向≤3级
2017-10-14,15,20,阴/阴,无持续风向≤3级/北风3-4级
2017-10-15,14,19,阴/小雨,无持续风向≤3级/无持续风向≤3级
2017-10-16,14,16,小雨/小雨,无持续风向≤3级/无持续风向≤3级
2017-10-17,13,17,小雨/小雨,无持续风向≤3级/无持续风向≤3级
2017-10-18,13,17,阴/小雨,无持续风向≤3级/无持续风向≤3级
2017-10-19,12,19,小雨/多云,北风≤3级/北风≤3级
2017-10-20,12,21,多云/多云,无持续风向≤3级/无持续风向≤3级
2017-10-21,11,22,晴/晴,无持续风向≤3级/无持续风向≤3级
2017-10-22,13,22,阴/阴,无持续风向≤3级/无持续风向≤3级
2017-10-23,12,20,多云/晴,北风≤3级/东北风≤3级
2017-10-24,12,22,晴/晴,无持续风向≤3级/无持续风向≤3级
2017-10-25,13,20,多云/多云,无持续风向≤3级/无持续风向≤3级
2017-10-26,14,23,晴/晴,无持续风向≤3级/无持续风向≤3级
2017-10-27,12,24,晴/晴,无持续风向≤3级/无持续风向≤3级
2017-10-28,11,24,晴/晴,无持续风向≤3级/无持续风向≤3级
2017-10-29,8,19,多云/晴,无持续风向3-4级/无持续风向4-5级
2017-10-30,7,18,晴/晴,无持续风向≤3级/无持续风向≤3级
2017-10-31,8,20,晴/晴,无持续风向≤3级/无持续风向≤3级
2017-11-01,9,22,晴/晴,无持续风向≤3级/无持续风向≤3级
2017-11-02,10,23,晴/晴,无持续风向≤3级/无持续风向≤3级
2017-11-03,9,24,晴/多云,无持续风向≤3级/无持续风向≤3级
2017-11-04,8,20,晴/晴,无持续风向≤3级/无持续风向≤3级
2017-11-05,8,20,晴/晴,无持续风向≤3级/无持续风向≤3级
2017-11-06,10,22,多云/阴,无持续风向≤3级/无持续风向≤3级
2017-11-07,11,22,多云/晴,无持续风向≤3级/无持续风向≤3级
2017-11-08,10,23,晴/晴,无持续风向≤3级/无持续风向≤3级
2017-11-09,12,23,晴/多云,无持续风向≤3级/无持续风向≤3级
2017-11-10,10,19,阴/阴,无持续风向3-4级/无持续风向4-5级
2017-11-11,11,16,阴/小雨,无持续风向≤3级/无持续风向≤3级
2017-11-12,11,16,阴/小雨,无持续风向≤3级/无持续风向≤3级
2017-11-13,9,15,阴/阴,微风<3级/微风<3级
2017-11-14,8,18,多云/多云,无持续风向<3级/无持续风向<3级
2017-11-15,11,19,多云/阴,无持续风向<3级/无持续风向<3级
2017-11-16,14,18,小雨/小雨,东风<3级/东北风<3级
2017-11-17,8,17,小雨/小雨,北风4～5级/北风4～5级
2017-11-18,4,10,多云/多云,北风5～6级/北风3～4级
2017-11-19,5,9,多云/小雨,东北风<3级/北风<3级
2017-11-20,4,12,晴/多云,无持续风向<3级/无持续风向<3级
2017-11-21,6,13,阴/多云,无持续风向<3级/无持续风向<3级
2017-11-22,4,13,晴/晴,北风3～4级/无持续风向<3级
2017-11-23,3,15,多云/多云,微风<3级/微风<3级
2017-11-24,4,17,晴/多云,无持续风向<3级/无持续风向<3级
2017-11-25,4,18,多云/多云,微风<3级/微风<3级
2017-11-26,4,18,晴/晴,微风<3级/微风<3级
2017-11-27,6,17,晴/多云,微风<3级/微风<3级
2017-11-28,8,16,小雨/小雨,无持续风向<3级/无持续风向<3级
2017-11-29,4,14,小雨/小雨,北风3～4级/北风3～4级
2017-11-30,4,8,小雨/多云,北风<3级/东北风<3级
2017-12-01,4,10,多云/多云,东北风<3级/东北风<3级
2017-12-02,6,13,晴/多云,无持续风向<3级/无持续风向<3级
2017-12-03,4,14,小雨/多云,无持续风向<3级/无持续风向<3级
2017-12-04,2,13,晴/晴,北风3～4级/无持续风向<3级
2017-12-05,1,12,晴/晴,北风<3级/北风<3级
2017-12-06,2,13,多云/多云,无持续风向<3级/无持续风向<3级
2017-12-07,0,12,多云/多云,北风3～4级/北风3～4级
2017-12-08,0,11,多云/多云,无持续风向<3级/无持续风向<3级
2017-12-09,1,13,晴/晴,无持续风向<3级/无持续风向<3级
2017-12-10,-1,13,晴/晴,无持续风向<3级/无持续风向<3级
2017-12-11,0,14,晴/晴,无持续风向<3级/无持续风向<3级
2017-12-12,2,13,晴/多云,无持续风向<3级/无持续风向<3级
2017-12-13,4,8,小雨/小雨,无持续风向<3级/无持续风向<3级
2017-12-14,3,7,小雨/小雨,无持续风向<3级/无持续风向<3级
2017-12-15,1,7,多云/晴,微风<3级/微风<3级
2017-12-16,-4,8,晴/晴,微风<3级/微风<3级
2017-12-17,-4,9,晴/晴,无持续风向<3级/无持续风向<3级
2017-12-18,-3,10,晴/晴,无持续风向<3级/无持续风向<3级
2017-12-19,-2,11,晴/晴,无持续风向<3级/无持续风向<3级
2017-12-20,-3,14,晴/晴,无持续风向<3级/无持续风向<3级
2017-12-21,-2,15,晴/晴,无持续风向<3级/无持续风向<3级
2017-12-22,0,16,晴/多云,无持续风向<3级/无持续风向<3级
2017-12-23,4,14,多云/晴,无持续风向<3级/无持续风向<3级
2017-12-24,-2,13,晴/晴,无持续风向<3级/无持续风向<3级
2017-12-25,-1,13,晴/晴,无持续风向<3级/无持续风向<3级
2017-12-26,0,15,多云/阴,无持续风向<3级/无持续风向<3级
2017-12-27,2,13,阴/小雨,无持续风向<3级/无持续风向<3级
2017-12-28,3,10,小雨/多云,无持续风向<3级/无持续风向<3级
2017-12-29,4,14,多云/多云,无持续风向<3级/无持续风向<3级
2017-12-30,-2,13,多云/晴,无持续风向<3级/无持续风向<3级
2017-12-31,0,13,晴/多云,无持续风向<3级/无持续风向<3级
